table_schema,table_name,column_name,ordinal_position,data_type,character_maximum_length,numeric_precision,numeric_scale,datetime_precision,is_nullable,column_default,constraint_type,referenced_table_schema,referenced_table_name,referenced_column_name
ref,REF_SOURCE_SYSTEM,source_system_id,1,int,,32.0,,,NO,,PRIMARY KEY,,,
ref,REF_SOURCE_SYSTEM,source_system_cd,2,varchar,50.0,,,,NO,,,,,
ref,REF_SOURCE_SYSTEM,source_system_desc,3,varchar,200.0,,,,YES,,,,,
ref,REF_SOURCE_SYSTEM,active_ind,4,int,,32.0,,,NO,1,,,,
ref,REF_SOURCE_SYSTEM,create_by_nm,5,varchar,100.0,,,,NO,,,,,
ref,REF_SOURCE_SYSTEM,create_ts,6,timestamp,,,,6.0,NO,,,,,
ref,REF_SOURCE_SYSTEM,last_update_by_nm,7,varchar,100.0,,,,NO,,,,,
ref,REF_SOURCE_SYSTEM,last_update_ts,8,timestamp,,,,6.0,NO,,,,,
ref,REF_LOB,lob_id,1,int,,32.0,,,NO,,PRIMARY KEY,,,
ref,REF_LOB,lob_cd,2,varchar,50.0,,,,NO,,,,,
ref,REF_LOB,lob_nm,3,varchar,150.0,,,,NO,,,,,
ref,REF_LOB,lob_desc,4,varchar,300.0,,,,YES,,,,,
ref,REF_LOB,active_ind,5,int,,32.0,,,NO,1,,,,
ref,REF_LOB,create_by_nm,6,varchar,100.0,,,,NO,,,,,
ref,REF_LOB,create_ts,7,timestamp,,,,6.0,NO,,,,,
ref,REF_LOB,last_update_by_nm,8,varchar,100.0,,,,NO,,,,,
ref,REF_LOB,last_update_ts,9,timestamp,,,,6.0,NO,,,,,
ref,REF_PRODUCT_TYPE,product_type_id,1,int,,32.0,,,NO,,PRIMARY KEY,,,
ref,REF_PRODUCT_TYPE,product_type_cd,2,varchar,50.0,,,,NO,,,,,
ref,REF_PRODUCT_TYPE,product_type_nm,3,varchar,150.0,,,,NO,,,,,
ref,REF_PRODUCT_TYPE,product_type_desc,4,varchar,300.0,,,,YES,,,,,
ref,REF_PRODUCT_TYPE,active_ind,5,int,,32.0,,,NO,1,,,,
ref,REF_PRODUCT_TYPE,create_by_nm,6,varchar,100.0,,,,NO,,,,,
ref,REF_PRODUCT_TYPE,create_ts,7,timestamp,,,,6.0,NO,,,,,
ref,REF_PRODUCT_TYPE,last_update_by_nm,8,varchar,100.0,,,,NO,,,,,
ref,REF_PRODUCT_TYPE,last_update_ts,9,timestamp,,,,6.0,NO,,,,,
ref,REF_PRODUCT,product_id,1,int,,32.0,,,NO,,PRIMARY KEY,,,
ref,REF_PRODUCT,product_type_id,2,int,,32.0,,,NO,,FOREIGN KEY,ref,REF_PRODUCT_TYPE,product_type_id
ref,REF_PRODUCT,product_cd,3,varchar,50.0,,,,NO,,,,,
ref,REF_PRODUCT,product_nm,4,varchar,150.0,,,,NO,,,,,
ref,REF_PRODUCT,product_desc,5,varchar,300.0,,,,YES,,,,,
ref,REF_PRODUCT,active_ind,6,int,,32.0,,,NO,1,,,,
ref,REF_PRODUCT,create_by_nm,7,varchar,100.0,,,,NO,,,,,
ref,REF_PRODUCT,create_ts,8,timestamp,,,,6.0,NO,,,,,
ref,REF_PRODUCT,last_update_by_nm,9,varchar,100.0,,,,NO,,,,,
ref,REF_PRODUCT,last_update_ts,10,timestamp,,,,6.0,NO,,,,,
ref,REF_EVENT_TYPE,event_type_id,1,int,,32.0,,,NO,,PRIMARY KEY,,,
ref,REF_EVENT_TYPE,event_type_cd,2,varchar,50.0,,,,NO,,,,,
ref,REF_EVENT_TYPE,event_type_nm,3,varchar,150.0,,,,NO,,,,,
ref,REF_EVENT_TYPE,event_type_desc,4,varchar,300.0,,,,YES,,,,,
ref,REF_EVENT_TYPE,active_ind,5,int,,32.0,,,NO,1,,,,
ref,REF_EVENT_TYPE,create_by_nm,6,varchar,100.0,,,,NO,,,,,
ref,REF_EVENT_TYPE,create_ts,7,timestamp,,,,6.0,NO,,,,,
ref,REF_EVENT_TYPE,last_update_by_nm,8,varchar,100.0,,,,NO,,,,,
ref,REF_EVENT_TYPE,last_update_ts,9,timestamp,,,,6.0,NO,,,,,
ref,REF_PREFERENCE_TYPE,preference_type_id,1,int,,32.0,,,NO,,PRIMARY KEY,,,
ref,REF_PREFERENCE_TYPE,preference_type_cd,2,varchar,50.0,,,,NO,,,,,
ref,REF_PREFERENCE_TYPE,preference_type_nm,3,varchar,150.0,,,,NO,,,,,
ref,REF_PREFERENCE_TYPE,preference_type_desc,4,varchar,300.0,,,,YES,,,,,
ref,REF_PREFERENCE_TYPE,active_ind,5,int,,32.0,,,NO,1,,,,
ref,REF_PREFERENCE_TYPE,create_by_nm,6,varchar,100.0,,,,NO,,,,,
ref,REF_PREFERENCE_TYPE,create_ts,7,timestamp,,,,6.0,NO,,,,,
ref,REF_PREFERENCE_TYPE,last_update_by_nm,8,varchar,100.0,,,,NO,,,,,
ref,REF_PREFERENCE_TYPE,last_update_ts,9,timestamp,,,,6.0,NO,,,,,
ref,REF_PREFERENCE_CATEGORY,preference_category_id,1,int,,32.0,,,NO,,PRIMARY KEY,,,
ref,REF_PREFERENCE_CATEGORY,preference_category_cd,2,varchar,50.0,,,,NO,,,,,
ref,REF_PREFERENCE_CATEGORY,preference_category_nm,3,varchar,150.0,,,,NO,,,,,
ref,REF_PREFERENCE_CATEGORY,preference_category_desc,4,varchar,300.0,,,,YES,,,,,
ref,REF_PREFERENCE_CATEGORY,active_ind,5,int,,32.0,,,NO,1,,,,
ref,REF_PREFERENCE_CATEGORY,create_by_nm,6,varchar,100.0,,,,NO,,,,,
ref,REF_PREFERENCE_CATEGORY,create_ts,7,timestamp,,,,6.0,NO,,,,,
ref,REF_PREFERENCE_CATEGORY,last_update_by_nm,8,varchar,100.0,,,,NO,,,,,
ref,REF_PREFERENCE_CATEGORY,last_update_ts,9,timestamp,,,,6.0,NO,,,,,
ref,REF_CONSENT_TYPE,consent_type_id,1,int,,32.0,,,NO,,PRIMARY KEY,,,
ref,REF_CONSENT_TYPE,consent_level_cd,2,varchar,50.0,,,,NO,,,,,
ref,REF_CONSENT_TYPE,consent_level_nm,3,varchar,150.0,,,,NO,,,,,
ref,REF_CONSENT_TYPE,consent_level_desc,4,varchar,300.0,,,,YES,,,,,
ref,REF_CONSENT_TYPE,active_ind,5,int,,32.0,,,NO,1,,,,
ref,REF_CONSENT_TYPE,create_by_nm,6,varchar,100.0,,,,NO,,,,,
ref,REF_CONSENT_TYPE,create_ts,7,timestamp,,,,6.0,NO,,,,,
ref,REF_CONSENT_TYPE,last_update_by_nm,8,varchar,100.0,,,,NO,,,,,
ref,REF_CONSENT_TYPE,last_update_ts,9,timestamp,,,,6.0,NO,,,,,
ref,REF_OPT_OUT_TYPE,opt_out_type_id,1,int,,32.0,,,NO,,PRIMARY KEY,,,
ref,REF_OPT_OUT_TYPE,opt_out_type_cd,2,varchar,50.0,,,,NO,,,,,
ref,REF_OPT_OUT_TYPE,opt_out_type_nm,3,varchar,150.0,,,,NO,,,,,
ref,REF_OPT_OUT_TYPE,opt_out_type_desc,4,varchar,300.0,,,,YES,,,,,
ref,REF_OPT_OUT_TYPE,active_ind,5,int,,32.0,,,NO,1,,,,
ref,REF_OPT_OUT_TYPE,create_by_nm,6,varchar,100.0,,,,NO,,,,,
ref,REF_OPT_OUT_TYPE,create_ts,7,timestamp,,,,6.0,NO,,,,,
ref,REF_OPT_OUT_TYPE,last_update_by_nm,8,varchar,100.0,,,,NO,,,,,
ref,REF_OPT_OUT_TYPE,last_update_ts,9,timestamp,,,,6.0,NO,,,,,
ref,REF_CHANNEL,channel_id,1,int,,32.0,,,NO,,PRIMARY KEY,,,
ref,REF_CHANNEL,channel_cd,2,varchar,50.0,,,,NO,,,,,
ref,REF_CHANNEL,channel_nm,3,varchar,150.0,,,,NO,,,,,
ref,REF_CHANNEL,channel_desc,4,varchar,300.0,,,,YES,,,,,
ref,REF_CHANNEL,active_ind,5,int,,32.0,,,NO,1,,,,
ref,REF_CHANNEL,create_by_nm,6,varchar,100.0,,,,NO,,,,,
ref,REF_CHANNEL,create_ts,7,timestamp,,,,6.0,NO,,,,,
ref,REF_CHANNEL,last_update_by_nm,8,varchar,100.0,,,,NO,,,,,
ref,REF_CHANNEL,last_update_ts,9,timestamp,,,,6.0,NO,,,,,
core,DATA_SUBJECT,data_subject_id,1,uuid,,,,,NO,,PRIMARY KEY,,,
core,DATA_SUBJECT,ucid,2,varchar,50.0,,,,NO,,,,,
core,DATA_SUBJECT,active_ind,3,int,,32.0,,,NO,1,,,,
core,DATA_SUBJECT,create_ts,4,timestamp,,,,6.0,NO,,,,,
core,DATA_SUBJECT,last_update_ts,5,timestamp,,,,6.0,NO,,,,,
core,CONTACT_POINT,contact_point_id,1,uuid,,,,,NO,,PRIMARY KEY,,,
core,CONTACT_POINT,data_subject_id,2,uuid,,,,,NO,,FOREIGN KEY,core,DATA_SUBJECT,data_subject_id
core,CONTACT_POINT,contact_point_type,3,varchar,30.0,,,,NO,,,,,
core,CONTACT_POINT,contact_point_value,4,varchar,320.0,,,,NO,,,,,
core,CONTACT_POINT,active_ind,5,int,,32.0,,,NO,1,,,,
core,CONTACT_POINT,create_ts,6,timestamp,,,,6.0,NO,,,,,
core,CONTACT_POINT,last_update_ts,7,timestamp,,,,6.0,NO,,,,,
core,ACCOUNT,account_id,1,varchar,64.0,,,,NO,,PRIMARY KEY,,,
core,ACCOUNT,data_subject_id,2,uuid,,,,,NO,,FOREIGN KEY,core,DATA_SUBJECT,data_subject_id
core,ACCOUNT,product_id,3,int,,32.0,,,YES,,FOREIGN KEY,ref,REF_PRODUCT,product_id
core,ACCOUNT,account_open_dt,4,date,,,,,YES,,,,,
core,ACCOUNT,account_close_dt,5,date,,,,,YES,,,,,
core,ACCOUNT,active_ind,6,int,,32.0,,,NO,1,,,,
core,ACCOUNT,create_ts,7,timestamp,,,,6.0,NO,,,,,
core,ACCOUNT,last_update_ts,8,timestamp,,,,6.0,NO,,,,,
pref,SOURCE_EVENT,source_event_id,1,uuid,,,,,NO,,PRIMARY KEY,,,
pref,SOURCE_EVENT,source_system_id,2,int,,32.0,,,NO,,FOREIGN KEY,ref,REF_SOURCE_SYSTEM,source_system_id
pref,SOURCE_EVENT,lob_id,3,int,,32.0,,,NO,,FOREIGN KEY,ref,REF_LOB,lob_id
pref,SOURCE_EVENT,product_id,4,int,,32.0,,,YES,,FOREIGN KEY,ref,REF_PRODUCT,product_id
pref,SOURCE_EVENT,product_type_id,5,int,,32.0,,,YES,,FOREIGN KEY,ref,REF_PRODUCT_TYPE,product_type_id
pref,SOURCE_EVENT,event_type_id,6,int,,32.0,,,NO,,FOREIGN KEY,ref,REF_EVENT_TYPE,event_type_id
pref,SOURCE_EVENT,preference_type_id,7,int,,32.0,,,NO,,FOREIGN KEY,ref,REF_PREFERENCE_TYPE,preference_type_id
pref,SOURCE_EVENT,preference_category_id,8,int,,32.0,,,YES,,FOREIGN KEY,ref,REF_PREFERENCE_CATEGORY,preference_category_id
pref,SOURCE_EVENT,consent_type_id,9,int,,32.0,,,YES,,FOREIGN KEY,ref,REF_CONSENT_TYPE,consent_type_id
pref,SOURCE_EVENT,opt_out_type_id,10,int,,32.0,,,YES,,FOREIGN KEY,ref,REF_OPT_OUT_TYPE,opt_out_type_id
pref,SOURCE_EVENT,priority_nbr,11,int,,32.0,,,NO,100,,,,
pref,SOURCE_EVENT,active_ind,12,int,,32.0,,,NO,1,,,,
pref,SOURCE_EVENT,create_by_nm,13,varchar,100.0,,,,NO,,,,,
pref,SOURCE_EVENT,create_ts,14,timestamp,,,,6.0,NO,,,,,
pref,SOURCE_EVENT,last_update_by_nm,15,varchar,100.0,,,,NO,,,,,
pref,SOURCE_EVENT,last_update_ts,16,timestamp,,,,6.0,NO,,,,,
pref,PREFERENCE_STATE_CURRENT,preference_state_id,1,uuid,,,,,NO,,PRIMARY KEY,,,
pref,PREFERENCE_STATE_CURRENT,data_subject_id,2,uuid,,,,,NO,,FOREIGN KEY,core,DATA_SUBJECT,data_subject_id
pref,PREFERENCE_STATE_CURRENT,contact_point_id,3,uuid,,,,,YES,,FOREIGN KEY,core,CONTACT_POINT,contact_point_id
pref,PREFERENCE_STATE_CURRENT,account_id,4,varchar,64.0,,,,YES,,FOREIGN KEY,core,ACCOUNT,account_id
pref,PREFERENCE_STATE_CURRENT,channel_id,5,int,,32.0,,,NO,,FOREIGN KEY,ref,REF_CHANNEL,channel_id
pref,PREFERENCE_STATE_CURRENT,lob_id,6,int,,32.0,,,NO,,FOREIGN KEY,ref,REF_LOB,lob_id
pref,PREFERENCE_STATE_CURRENT,product_id,7,int,,32.0,,,YES,,FOREIGN KEY,ref,REF_PRODUCT,product_id
pref,PREFERENCE_STATE_CURRENT,product_type_id,8,int,,32.0,,,YES,,FOREIGN KEY,ref,REF_PRODUCT_TYPE,product_type_id
pref,PREFERENCE_STATE_CURRENT,event_type_id,9,int,,32.0,,,NO,,FOREIGN KEY,ref,REF_EVENT_TYPE,event_type_id
pref,PREFERENCE_STATE_CURRENT,preference_type_id,10,int,,32.0,,,NO,,FOREIGN KEY,ref,REF_PREFERENCE_TYPE,preference_type_id
pref,PREFERENCE_STATE_CURRENT,preference_category_id,11,int,,32.0,,,YES,,FOREIGN KEY,ref,REF_PREFERENCE_CATEGORY,preference_category_id
pref,PREFERENCE_STATE_CURRENT,consent_type_id,12,int,,32.0,,,YES,,FOREIGN KEY,ref,REF_CONSENT_TYPE,consent_type_id
pref,PREFERENCE_STATE_CURRENT,opt_out_type_id,13,int,,32.0,,,YES,,FOREIGN KEY,ref,REF_OPT_OUT_TYPE,opt_out_type_id
pref,PREFERENCE_STATE_CURRENT,consent_status_cd,14,varchar,20.0,,,,NO,,,,,
pref,PREFERENCE_STATE_CURRENT,preference_value,15,varchar,1000.0,,,,YES,,,,,
pref,PREFERENCE_STATE_CURRENT,effective_from_ts,16,timestamp,,,,6.0,NO,,,,,
pref,PREFERENCE_STATE_CURRENT,effective_to_ts,17,timestamp,,,,6.0,YES,,,,,
pref,PREFERENCE_STATE_CURRENT,source_event_id,18,uuid,,,,,NO,,FOREIGN KEY,pref,SOURCE_EVENT,source_event_id
pref,PREFERENCE_STATE_CURRENT,source_event_priority_nbr,19,int,,32.0,,,NO,,,,,
pref,PREFERENCE_STATE_CURRENT,active_ind,20,int,,32.0,,,NO,1,,,,
pref,PREFERENCE_STATE_CURRENT,create_by_nm,21,varchar,100.0,,,,NO,,,,,
pref,PREFERENCE_STATE_CURRENT,create_ts,22,timestamp,,,,6.0,NO,,,,,
pref,PREFERENCE_STATE_CURRENT,last_update_by_nm,23,varchar,100.0,,,,NO,,,,,
pref,PREFERENCE_STATE_CURRENT,last_update_ts,24,timestamp,,,,6.0,NO,,,,,
pref,PREFERENCE_STATE_HISTORY,preference_state_history_id,1,uuid,,,,,NO,,PRIMARY KEY,,,
pref,PREFERENCE_STATE_HISTORY,preference_state_id,2,uuid,,,,,NO,,FOREIGN KEY,pref,PREFERENCE_STATE_CURRENT,preference_state_id
pref,PREFERENCE_STATE_HISTORY,change_action_cd,3,varchar,20.0,,,,NO,,,,,
pref,PREFERENCE_STATE_HISTORY,change_reason_txt,4,varchar,500.0,,,,YES,,,,,
pref,PREFERENCE_STATE_HISTORY,changed_by_nm,5,varchar,100.0,,,,NO,,,,,
pref,PREFERENCE_STATE_HISTORY,changed_ts,6,timestamp,,,,6.0,NO,,,,,
pref,PREFERENCE_STATE_HISTORY,snapshot_json,7,varchar,4000.0,,,,YES,,,,,
pref,SOURCE_EVENT_HISTORY,source_event_history_id,1,uuid,,,,,NO,,PRIMARY KEY,,,
pref,SOURCE_EVENT_HISTORY,source_event_id,2,uuid,,,,,NO,,FOREIGN KEY,pref,SOURCE_EVENT,source_event_id
pref,SOURCE_EVENT_HISTORY,change_action_cd,3,varchar,20.0,,,,NO,,,,,
pref,SOURCE_EVENT_HISTORY,changed_by_nm,4,varchar,100.0,,,,NO,,,,,
pref,SOURCE_EVENT_HISTORY,changed_ts,5,timestamp,,,,6.0,NO,,,,,
pref,SOURCE_EVENT_HISTORY,snapshot_json,6,varchar,4000.0,,,,YES,,,,,
pds,PREFERENCE_REF_DATA_TYPE,ref_data_type_id,1,bigint,,64.0,,,NO,,PRIMARY KEY,,,
pds,PREFERENCE_REF_DATA_TYPE,ref_data_type_desc,2,varchar,200.0,,,,YES,,,,,
pds,PREFERENCE_REF_DATA_TYPE,ref_data_type_cd,3,bigint,,64.0,,,NO,,,,,
pds,PREFERENCE_REF_DATA_TYPE,ref_data_value_txt,4,varchar,200.0,,,,YES,,,,,
pds,PREFERENCE_REF_DATA_TYPE,active_ind,5,int,,32.0,,,NO,,,,,
pds,PREFERENCE_REF_DATA_TYPE,create_by_nm,6,varchar,100.0,,,,NO,,,,,
pds,PREFERENCE_REF_DATA_TYPE,create_ts,7,timestamp,,,,6.0,NO,,,,,
pds,PREFERENCE_REF_DATA_TYPE,last_update_by_nm,8,varchar,100.0,,,,NO,,,,,
pds,PREFERENCE_REF_DATA_TYPE,last_update_ts,9,timestamp,,,,6.0,NO,,,,,
pds,PREFERENCE_ALERT_REFERENCE,alert_id,1,bigint,,64.0,,,NO,,PRIMARY KEY,,,
pds,PREFERENCE_ALERT_REFERENCE,alert_nm,2,varchar,200.0,,,,NO,,,,,
pds,PREFERENCE_ALERT_REFERENCE,alert_desc,3,varchar,500.0,,,,YES,,,,,
pds,PREFERENCE_ALERT_REFERENCE,active_ind,4,int,,32.0,,,NO,,,,,
pds,PREFERENCE_ALERT_REFERENCE,create_by_nm,5,varchar,100.0,,,,NO,,,,,
pds,PREFERENCE_ALERT_REFERENCE,create_ts,6,timestamp,,,,6.0,NO,,,,,
pds,PREFERENCE_ALERT_REFERENCE,last_update_by_nm,7,varchar,100.0,,,,NO,,,,,
pds,PREFERENCE_ALERT_REFERENCE,last_update_ts,8,timestamp,,,,6.0,NO,,,,,
pds,PREFERENCE_ALERT_METRIC_REFERENCE,metric_id,1,bigint,,64.0,,,NO,,PRIMARY KEY,,,
pds,PREFERENCE_ALERT_METRIC_REFERENCE,metric_nm,2,varchar,200.0,,,,NO,,,,,
pds,PREFERENCE_ALERT_METRIC_REFERENCE,metric_desc,3,varchar,500.0,,,,YES,,,,,
pds,PREFERENCE_ALERT_METRIC_REFERENCE,active_ind,4,int,,32.0,,,NO,,,,,
pds,PREFERENCE_ALERT_METRIC_REFERENCE,create_by_nm,5,varchar,100.0,,,,NO,,,,,
pds,PREFERENCE_ALERT_METRIC_REFERENCE,create_ts,6,timestamp,,,,6.0,NO,,,,,
pds,PREFERENCE_ALERT_METRIC_REFERENCE,last_update_by_nm,7,varchar,100.0,,,,NO,,,,,
pds,PREFERENCE_ALERT_METRIC_REFERENCE,last_update_ts,8,timestamp,,,,6.0,NO,,,,,
pds,PREFERENCE_CUSTOMER_ALERT_LINK,customer_alert_link_id,1,bigint,,64.0,,,NO,,PRIMARY KEY,,,
pds,PREFERENCE_CUSTOMER_ALERT_LINK,data_subject_id,2,uuid,,,,,NO,,FOREIGN KEY,core,DATA_SUBJECT,data_subject_id
pds,PREFERENCE_CUSTOMER_ALERT_LINK,account_id,3,varchar,64.0,,,,YES,,FOREIGN KEY,core,ACCOUNT,account_id
pds,PREFERENCE_CUSTOMER_ALERT_LINK,contact_point_id,4,uuid,,,,,YES,,FOREIGN KEY,core,CONTACT_POINT,contact_point_id
pds,PREFERENCE_CUSTOMER_ALERT_LINK,alert_id,5,bigint,,64.0,,,NO,,FOREIGN KEY,pds,PREFERENCE_ALERT_REFERENCE,alert_id
pds,PREFERENCE_CUSTOMER_ALERT_LINK,score,6,numeric,,18.0,6.0,,YES,,,,,
pds,PREFERENCE_CUSTOMER_ALERT_LINK,one_time_ind,7,boolean,,,,,YES,,,,,
pds,PREFERENCE_CUSTOMER_ALERT_LINK,alert_join_cd_desc,8,varchar,500.0,,,,YES,,,,,
pds,PREFERENCE_CUSTOMER_ALERT_LINK,inactivated_dt,9,timestamp,,,,6.0,YES,,,,,
pds,PREFERENCE_CUSTOMER_ALERT_LINK,active_ind,10,int,,32.0,,,NO,,,,,
pds,PREFERENCE_CUSTOMER_ALERT_LINK,create_by_nm,11,varchar,100.0,,,,NO,,,,,
pds,PREFERENCE_CUSTOMER_ALERT_LINK,create_ts,12,timestamp,,,,6.0,NO,,,,,
pds,PREFERENCE_CUSTOMER_ALERT_LINK,last_update_by_nm,13,varchar,100.0,,,,NO,,,,,
pds,PREFERENCE_CUSTOMER_ALERT_LINK,last_update_ts,14,timestamp,,,,6.0,NO,,,,,
pds,PREFERENCE_CUSTOMER_ALERT_METRIC_LINK,customer_alert_metric_link_id,1,bigint,,64.0,,,NO,,PRIMARY KEY,,,
pds,PREFERENCE_CUSTOMER_ALERT_METRIC_LINK,customer_alert_link_id,2,bigint,,64.0,,,NO,,FOREIGN KEY,pds,PREFERENCE_CUSTOMER_ALERT_LINK,customer_alert_link_id
pds,PREFERENCE_CUSTOMER_ALERT_METRIC_LINK,alert_metric_id,3,bigint,,64.0,,,NO,,FOREIGN KEY,pds,PREFERENCE_ALERT_METRIC_REFERENCE,metric_id
pds,PREFERENCE_CUSTOMER_ALERT_METRIC_LINK,alert_metric_value_msr,4,varchar,1000.0,,,,NO,,,,,
pds,PREFERENCE_CUSTOMER_ALERT_METRIC_LINK,active_ind,5,int,,32.0,,,NO,,,,,
pds,PREFERENCE_CUSTOMER_ALERT_METRIC_LINK,create_by_nm,6,varchar,100.0,,,,NO,,,,,
pds,PREFERENCE_CUSTOMER_ALERT_METRIC_LINK,create_ts,7,timestamp,,,,6.0,NO,,,,,
pds,PREFERENCE_CUSTOMER_ALERT_METRIC_LINK,last_update_by_nm,8,varchar,100.0,,,,NO,,,,,
pds,PREFERENCE_CUSTOMER_ALERT_METRIC_LINK,last_update_ts,9,timestamp,,,,6.0,NO,,,,,
